{"has_child":1,"home_url":"http:\/\/localhost\/wordpress","root_flag":"custom","php_version":"8.2.4","mysql_version":"10.4.28","wp_version":"6.2.2","child_file":{"localhost_wordpress_wpvivid-64aec9c69fade_2023-07-12-12-41_backup_uploads.part002.zip":{"file_type":"upload","root_flag":"wp-content","php_version":"8.2.4","mysql_version":"10.4.28","wp_version":"6.2.2","file":"localhost_wordpress_wpvivid-64aec9c69fade_2023-07-12-12-41_backup_uploads.part002.zip"},"localhost_wordpress_wpvivid-64aec9c69fade_2023-07-12-12-41_backup_content.zip":{"file_type":"wp-content","root_flag":"wp-content","php_version":"8.2.4","mysql_version":"10.4.28","wp_version":"6.2.2","file":"localhost_wordpress_wpvivid-64aec9c69fade_2023-07-12-12-41_backup_content.part001.zip"},"localhost_wordpress_wpvivid-64aec9c69fade_2023-07-12-12-41_backup_core.zip":{"file_type":"wp-core","include_path":["wp-includes","wp-admin"],"wp_core":1,"root_flag":"root","home_url":"http:\/\/localhost\/wordpress","file":"localhost_wordpress_wpvivid-64aec9c69fade_2023-07-12-12-41_backup_core.part001.zip"}},"file":"localhost_wordpress_wpvivid-64aec9c69fade_2023-07-12-12-41_backup_all.part002.zip"}