{"has_child":1,"home_url":"http:\/\/localhost\/wordpress","root_flag":"custom","php_version":"8.2.4","mysql_version":"10.4.28","wp_version":"6.2.2","child_file":{"localhost_wordpress_wpvivid-64aec9c69fade_2023-07-12-12-41_backup_db.zip":{"files":["localhost_wordpress_wpvivid-64aec9c69fade_2023-07-12-12-41_backup_db.sql"],"tables":[{"name":"wp_links","size":32768,"rows":"0"},{"name":"wp_term_relationships","size":32768,"rows":"14"},{"name":"wp_commentmeta","size":49152,"rows":"0"},{"name":"wp_term_taxonomy","size":49152,"rows":"6"},{"name":"wp_termmeta","size":49152,"rows":"0"},{"name":"wp_terms","size":49152,"rows":"6"},{"name":"wp_usermeta","size":49152,"rows":"42"},{"name":"wp_users","size":65536,"rows":"2"},{"name":"wp_comments","size":98304,"rows":"0"},{"name":"wp_postmeta","size":229376,"rows":"312"},{"name":"wp_options","size":2670592,"rows":"221"},{"name":"wp_posts","size":27869184,"rows":"389"}],"dump_db":1,"file_type":"databases","home_url":"http:\/\/localhost\/wordpress","root_flag":"custom","php_version":"8.2.4","mysql_version":"10.4.28","wp_version":"6.2.2","file":"localhost_wordpress_wpvivid-64aec9c69fade_2023-07-12-12-41_backup_db.part001.zip"},"localhost_wordpress_wpvivid-64aec9c69fade_2023-07-12-12-41_backup_themes.zip":{"file_type":"themes","root_flag":"wp-content","php_version":"8.2.4","mysql_version":"10.4.28","wp_version":"6.2.2","themes":{"astra":{"slug":"astra"},"twentyfifteen":{"slug":"twentyfifteen"},"twentytwentyone":{"slug":"twentytwentyone"},"twentytwentythree":{"slug":"twentytwentythree"},"twentytwentytwo":{"slug":"twentytwentytwo"},"zeever":{"slug":"zeever"}},"file":"localhost_wordpress_wpvivid-64aec9c69fade_2023-07-12-12-41_backup_themes.part001.zip"},"localhost_wordpress_wpvivid-64aec9c69fade_2023-07-12-12-41_backup_plugin.zip":{"file_type":"plugin","root_flag":"wp-content","php_version":"8.2.4","mysql_version":"10.4.28","wp_version":"6.2.2","plugin":{"akismet":{"slug":"akismet"},"favicon-by-realfavicongenerator":{"slug":"favicon-by-realfavicongenerator"},"gutenverse":{"slug":"gutenverse"},"wp-headers-and-footers":{"slug":"wp-headers-and-footers"}},"file":"localhost_wordpress_wpvivid-64aec9c69fade_2023-07-12-12-41_backup_plugin.part001.zip"},"localhost_wordpress_wpvivid-64aec9c69fade_2023-07-12-12-41_backup_uploads.part001.zip":{"file_type":"upload","root_flag":"wp-content","php_version":"8.2.4","mysql_version":"10.4.28","wp_version":"6.2.2","file":"localhost_wordpress_wpvivid-64aec9c69fade_2023-07-12-12-41_backup_uploads.part001.zip"}},"file":"localhost_wordpress_wpvivid-64aec9c69fade_2023-07-12-12-41_backup_all.part001.zip"}